{"cameraMode":{"drawMode":0,"name":"Shaded","section":"Shading Mode"},"sceneLighting":true,"audioPlay":false,"sceneViewState":{"m_AlwaysRefresh":false,"showFog":true,"showSkybox":true,"showFlares":true,"showImageEffects":true,"showParticleSystems":true,"showVisualEffectGraphs":true,"m_FxEnabled":true},"in2DMode":false,"pivot":{"x":347.64080810546877,"y":39.767425537109378,"z":41.89384460449219},"rotation":{"x":0.12028419226408005,"y":-0.7064078450202942,"z":0.12076766788959503,"w":0.6893104910850525},"size":124.85250854492188,"orthographic":false}